,num_samples,white_noise.std,white_noise.mean,Seasonality.amplitude,Seasonality.frequency,Seasonality.frequency2,Seasonality.frequency3,Seasonality.duration,Seasonality.sampling_rate,trend.c0,trend.c1,trend.c2,trend.c3,trend.c4,trend.c5
0,1000,1,0,3.0,100.0,15.151515151515152,0,1.0,1000,10.830909075796157,-0.03348213371085255,1.8978604321550423e-05,5.9463719961876336e-08,2.394480231564035e-11,-9.98946089552797e-14
1,1000,1,0,3.0,37.03703703703704,5.882352941176471,0,1.0,1000,8.458674972683633,-0.03125809874186242,2.0329094055384054e-05,5.87512532118893e-08,2.3486338200948757e-11,-9.684854006171675e-14
2,1000,1,0,3.0,6.0606060606060606,17.24137931034483,0,1.0,1000,18.824966888466008,-0.05847687203581723,5.44363505747311e-06,7.06533637650607e-08,4.829960971724135e-11,-8.047259924675094e-14
3,1000,1,0,3.0,27.77777777777778,12.345679012345679,0,1.0,1000,15.029220088876281,-0.046920541721269825,4.924455612577178e-06,5.822782438084468e-08,4.16286336215e-11,-6.001244206885719e-14
4,1000,1,0,3.0,5.4945054945054945,55.55555555555556,0,1.0,1000,7.844561009185593,-0.019960159325885865,5.547032312137146e-06,2.9203043894322708e-08,1.670602094317736e-11,-3.9020675063769135e-14
